,Name,Term,ES,NES,NOM p-val,FDR q-val,FWER p-val,Tag %,Gene %,Lead_genes
0,prerank,G2-M Checkpoint,0.7899307758862143,2.675736162673355,0.01,0.01,0.01,93/197,6.66%,NEK2;UBE2C;CKS2;KIF4A;TPX2;CDKN3;CDK1;PTTG1;PLK1;AURKA;BUB1;KIF2C;UBE2S;CENPF;NDC80;TROAP;TACC3;CDC20;CCNB2;PBK;EXO1;AURKB;EZH2;KPNA2;JPT1;KIF23;LMNB1;CENPA;MYBL2;E2F1;KIF11;HMMR;CCNA2;KNL1;CENPE;HMGB3;MAD2L1;KIF22;TTK;H2AZ1;TOP2A;RACGAP1;CDC45;KIF15;DDX39A;BIRC5;H2AX;ESPL1;POLQ;MKI67;CCNF;RAD54L;ORC6;CDC6;STIL;HNRNPU;ODF2;E2F2;STMN1;GINS2;BUB3;PLK4;TRAIP;CHEK1;DTYMK;SQLE;CDC25A;CDC7;DBF4;H2BC12;SLC7A5;POLA2;BRCA2;NSD2;HMGA1;SMC4;TLE3;PRIM2;CHAF1A;BCL3;HOXC10;SNRPD1;MCM2;SAP30;RBM14;BARD1;SRSF1;MCM3;RAD21;LIG3;MCM6;POLE;FBXO5
1,prerank,E2F Targets,0.8143636344959148,2.6604717994306455,0.01,0.01,0.01,108/200,8.25%,CKS2;KIF4A;ASF1B;CDKN3;UBE2T;CDK1;PTTG1;PLK1;SPC25;AURKA;CDCA3;SPC24;MELK;KIF2C;SPAG5;UBE2S;CDCA8;KIF18B;TACC3;CDC20;TK1;CCNB2;GINS1;DLGAP5;AURKB;EZH2;KPNA2;JPT1;RRM2;LMNB1;CENPM;MYBL2;HMMR;E2F8;CENPE;HMGB3;DEPDC1;MAD2L1;BUB1B;KIF22;H2AZ1;TRIP13;TOP2A;RACGAP1;DDX39A;BIRC5;H2AX;ESPL1;PCNA;TIMELESS;MKI67;CIT;ORC6;RAD51AP1;NME1;ATAD2;DONSON;MTHFD2;STMN1;PLK4;CHEK1;DIAPH3;MCM4;CDKN2A;CCNE1;DCTPP1;SNRPB;CDC25A;MXD3;TUBG1;HELLS;RFC2;POLA2;RBBP7;GINS4;BRCA2;DSCC1;HMGA1;CTPS1;SMC4;CNOT9;LIG1;PRIM2;DNMT1;MCM2;RAN;PAICS;RANBP1;RPA3;BARD1;SRSF1;MCM3;NOP56;RAD21;TCF19;HMGB2;MCM6;CHEK2;POLE;WDR90;CSE1L;SLBP;POP7;TUBB;RAD1;CDC25B;BRCA1;POLD1
2,prerank,Adipogenesis,-0.7032640001717952,-2.479599607166034,0.01,0.01,0.01,59/198,10.95%,GPAM;SORBS1;CAVIN2;ITIH5;LPL;CAT;ITGA7;PPARG;LIFR;GPX3;LIPE;CD36;FABP4;LEP;CIDEA;FZD4;HADH;MYLK;ENPP2;PFKFB3;CAVIN1;ALDH2;ITSN1;ANGPT1;ESYT1;ADIPOQ;ELMOD3;SPARCL1;MGLL;RETSAT;SSPN;STAT5A;PHLDB1;TANK;GBE1;ACADL;ARL4A;BCL6;MRAP;CD302;LAMA4;ACAA2;PGM1;IFNGR1;ACADM;ABCA1;ANGPTL4;SNCG;CDKN2C;ACADS;VEGFB;SUCLG1;ME1;MTARC2;PEMT;HIBCH;CS;SLC27A1;PTGER3
3,prerank,Myc Targets V1,0.6695470878178345,2.1893279823109966,0.01,0.01,0.01,113/199,23.69%,CDC20;KPNA2;CCNA2;MAD2L1;H2AZ1;CDC45;PCNA;CCT3;NME1;HNRNPU;HDGF;BUB3;MCM4;CBX3;CSTF2;HPRT1;PSMC4;ERH;RNPS1;HNRNPA2B1;ILF2;TYMS;RFC4;PSMD14;CTPS1;HSPE1;SNRPG;HNRNPC;SNRPD1;MCM2;RAN;RANBP1;SRSF1;RUVBL2;NOP56;ACP1;MCM6;PSMB3;SNRPA1;TRIM28;PPIA;CDK2;GLO1;SRPK1;CCT5;EPRS1;PPM1G;COPS5;TXNL4A;SRSF2;RPS10;LSM7;SET;SNRPB2;PSMA4;PGK1;SSBP1;PSMD3;PRDX4;PRPS2;CCT2;NCBP1;NOP16;NHP2;TARDBP;GOT2;CLNS1A;POLE3;GSPT1;MRPL9;NCBP2;FAM120A;HSP90AB1;LSM2;MCM7;AIMP2;EIF2S2;HDAC2;HSPD1;NOLC1;PSMB2;POLD2;PTGES3;NDUFAB1;MCM5;PRPF31;XPO1;TFDP1;CCT7;SNRPD2;PSMA7;MRPL23;RRM1;IARS1;SMARCC1;RRP9;PSMD1;PSMD8;XPOT;GNL3;PA2G4;PSMA6;CDK4;TUFM;HNRNPR;PSMA1;VDAC1;EIF4E;CAD;VBP1;DHX15;COX5A;PSMC6
4,prerank,Myogenesis,-0.6200205725626837,-2.094365859869912,0.01,0.01,0.01,57/192,10.30%,MYOM1;SORBS1;FHL1;PYGM;GSN;ITGA7;MYH11;GPX3;DMD;CD36;DES;MRAS;COX7A1;ACSL1;MYLK;CASQ2;CFD;TNNT3;FXYD1;CRYAB;MYOM2;FOXO4;SSPN;CKMT2;CDH13;NOS1;IGF1;FGF2;MYH1;ABLIM1;PRNP;MYH3;LAMA2;LDB3;PC;TAGLN;CAV3;SOD3;SGCG;SGCA;PTGIS;MYO1C;APOD;MEF2C;DAPK2;HRC;NAV2;MYL2;LPIN1;SCHIP1;BIN1;MYL3;ITGB1;EIF4A2;SCD;HBEGF;ACTC1
5,prerank,mTORC1 Signaling,0.6104144400794018,1.9707771612280072,0.01,0.01,0.01,91/199,19.61%,PLK1;AURKA;BUB1;RRM2;DDX39A;CCNF;MTHFD2;MCM4;SQLE;CDC25A;TRIB3;TUBG1;TOMM40;SDF2L1;SLC7A5;STIP1;HPRT1;PSMC4;CACYBP;PSMD14;HSPE1;RPN1;TMEM97;CALR;CCT6A;ARPC5L;MCM2;YKT6;PSPH;SLC7A11;PRDX1;HSPA5;MLLT11;SLC2A1;P4HA1;SHMT2;EBP;PNP;CD9;PPIA;PNO1;HSPA4;EPRS1;COPS5;FDXR;GAPDH;SERPINH1;CXCR4;EEF1E1;SORD;EGLN3;PSMA4;ERO1A;PGK1;RDH11;CORO1A;NFKBIB;TFRC;GMPS;DHCR24;PSMD12;ACTR3;ACTR2;PSMA3;UCHL5;PSMB5;GSR;GOT1;TPI1;EIF2S2;HSPD1;PIK3R3;HMBS;ALDOA;PDAP1;SERP1;RAB1A;HSP90B1;SLC1A4;ACLY;PSME3;TCEA1;DHCR7;PSMC2;FKBP2;NUP205;XBP1;ITGB2;HSPA9;RRP9;RIT1
6,prerank,UV Response Dn,-0.5739792099826878,-1.8743442161215993,0.01,0.01,0.01,49/143,11.91%,CAV1;PPARG;TGFBR2;PLPP3;PRKAR2B;NR3C1;TGFBR3;KIT;MGLL;PTPRM;PTPN21;CELF2;DLC1;DUSP1;SYNE1;TFPI;EFEMP1;VLDLR;LAMC1;MET;GRK5;F3;NRP1;PRKCA;FBLN5;ATP2B4;ADD3;CCN1;RND3;ID1;ACVR2A;RBPMS;SCHIP1;MAP2K5;NFIB;PTEN;NEK7;NR1D2;KALRN;TJP1;BCKDHB;ADGRL2;CITED2;LPAR1;AKT3;BMPR1A;MYC;IRS1;DAB2
7,prerank,Myc Targets V2,0.6773909621065759,1.8589570583289146,0.01,0.01,0.01,37/57,24.17%,PLK1;PLK4;MCM4;DCTPP1;CBX3;TFB2M;HSPE1;TMEM97;FARSA;NOP56;SLC19A1;PUS1;BYSL;SORD;RRP12;RABEPK;NOP16;EXOSC5;GRWD1;TBRG4;NOC4L;AIMP2;HSPD1;NOLC1;MCM5;MRTO4;LAS1L;TCOF1;RRP9;PES1;MPHOSPH10;GNL3;PA2G4;CDK4;IMP4;UNG;PRMT3
8,prerank,Unfolded Protein Response,0.5961721705789527,1.83156315716482,0.01,0.01,0.01,54/112,23.28%,H2AX;MTHFD2;LSM4;ALDH18A1;PARN;EIF4A3;SLC7A5;SRPRB;EXOSC4;ARFGAP1;CALR;NOP56;FUS;HSPA5;YIF1A;YWHAZ;NFYA;BANF1;CNOT6;CKS1B;ERO1A;TARS1;TATDN2;DKC1;SPCS1;NHP2;EXOSC1;EXOSC5;LSM1;KDELR3;POP4;IFIT1;EIF4EBP1;HYOU1;NOLC1;CHAC1;EXOC2;SERP1;HSP90B1;SLC1A4;DNAJA4;IARS1;XBP1;HSPA9;RRP9;KHSRP;PDIA6;XPOT;VEGFA;EIF2AK3;SSR1;PDIA5;EIF4E;EIF4G1
9,prerank,DNA Repair,0.5753686416069043,1.822699918478446,0.01,0.01,0.01,74/147,25.08%,ZWINT;RAD51;PCNA;FEN1;NME1;CANT1;RFC2;ARL6IP1;POLR2H;CSTF3;HPRT1;POLA2;TYMS;RFC4;ALYREF;ZNF707;RAE1;LIG1;POLR2K;RPA3;SAC3D1;TMED2;NME3;ITPA;PNP;STX3;SEC61A1;POLB;POLD1;RFC5;POLR2G;CCNO;NME4;CETN2;TARBP2;RFC3;VPS28;CMPK2;ADRM1;POLD4;PRIM1;GUK1;NCBP2;DGUOK;POLH;COX17;VPS37D;POLR2J;RBX1;MPG;POLR3C;POLR1C;UMPS;SUPT5H;NELFCD;NT5C3A;POLR2I;POLR2D;TAF12;TAF9;ERCC2;DAD1;PDE6G;MPC2;NELFE;SNAPC4;POLD3;EDF1;UPF3B;GTF3C5;SSRP1;POLA1;TAF6;RALA
10,prerank,Spermatogenesis,0.5826223404599083,1.795404395020597,0.01,0.01,0.01,26/110,12.15%,NEK2;CDKN3;CDK1;AURKA;BUB1;KIF2C;CCNB2;EZH2;NCAPH;CNIH2;TTK;GRM8;STRBP;DBF4;PHKG2;RFC4;CLGN;CHFR;RPL39L;GAD1;H1-6;PCSK1N;ACRV1;MAP7;PCSK4;CLPB
11,prerank,Xenobiotic Metabolism,-0.5210834602815704,-1.7921043636171503,0.01,0.01,0.01,31/186,6.05%,ATOH8;CAT;MAOA;F10;RBP4;PDK4;CD36;NDRG2;PROS1;ABCD2;CES1;CDO1;ALDH2;ADH5;CYP1A1;ADH1C;HSD11B1;RETSAT;SLC12A4;GABARAPL1;AOX1;AKR1C3;IGF1;ETS2;AKR1C2;ALDH3A1;PC;ETFDH;ABHD6;PINK1;IGFBP1
12,prerank,Mitotic Spindle,0.5529201306273209,1.7739225031418564,0.01,0.01,0.01,55/197,14.06%,NEK2;KIF4A;TPX2;CDK1;PLK1;AURKA;BUB1;KIF2C;CENPF;NDC80;CCNB2;DLGAP5;ANLN;KIF23;LMNB1;KIF11;CENPE;KIF22;TTK;TOP2A;RACGAP1;KIF15;BIRC5;ECT2;ESPL1;EZR;PIF1;BRCA2;KNTC1;SMC4;SAC3D1;FBXO5;RHOF;CEP250;ARL8A;CKAP5;SASS6;RHOT2;SHROOM2;SEPTIN9;INCENP;ARF6;TBCD;KPTN;CYTH2;ARFGEF1;STAU1;KIF20B;ARFIP2;CEP72;CTTN;CEP131;FARP1;PRC1;ARHGDIA
13,prerank,Interferon Alpha Response,0.5842663284330643,1.7323563782538722,0.01,0.01,0.01,49/97,20.38%,CXCL11;CXCL10;ISG15;IRF7;OASL;PSME2;ADAR;PARP12;RIPK2;TAP1;RSAD2;MOV10;PARP9;UBE2L6;LAMP3;OAS1;MX1;HELZ2;EPSTI1;CMPK2;IFI27;PSME1;USP18;HLA-C;IFI35;TRAFD1;ISG20;IRF1;PARP14;BST2;SP110;PSMA3;TRIM14;IFIT2;OGFR;SAMD9;IFIH1;TRIM26;IFIT3;PSMB8;IFITM1;SELL;PSMB9;IFI44;MVB12A;LY6E;PNPT1;IRF9;BATF2
14,prerank,Bile Acid Metabolism,-0.5325192751863257,-1.7160264735236614,0.01,0.01,0.01,31/106,13.74%,CAT;LIPE;ABCA9;ABCD2;ABCA8;ALDH1A1;ACSL1;ABCA6;ABCA5;RETSAT;NR3C2;RXRG;MLYCD;BMP6;HSD17B11;PECR;ABCA1;SLCO1A2;CYP46A1;BBOX1;CYP7A1;SLC23A2;ACSL5;HACL1;ABCG8;OPTN;PHYH;CYP39A1;NEDD4;SCP2;CYP7B1
15,prerank,Fatty Acid Metabolism,-0.516578920862391,-1.7028619806413605,0.01,0.01,0.01,44/152,11.77%,CA4;AOC3;MAOA;CD36;AQP7;GPD1;CIDEA;ALDH1A1;G0S2;HADH;ACSL1;CYP1A1;INMT;MGLL;ADH1C;RETSAT;GABARAPL1;ACADL;MLYCD;SUCLA2;PPARA;ALDH3A1;HSDL2;HSD17B11;ACSM3;ETFDH;ACAA2;ACADM;EHHADH;ACSL4;AUH;DLST;ACADS;SUCLG1;BCKDHB;ME1;PTPRG;ALAD;ACADVL;HIBCH;CA6;ACSL5;MDH1;ACOX1
16,prerank,Hypoxia,-0.47672980473871046,-1.5725300966749332,0.01,0.01,0.03,55/194,10.93%,CAV1;PYGM;SRPX;AKAP12;PCK1;PFKFB3;NR3C1;CDKN1C;CAVIN1;UGP2;EGFR;DUSP1;KLF6;ZFP36;GBE1;TIPARP;VLDLR;GPC3;STBD1;LALBA;FOS;MXI1;DCN;ACKR3;F3;IRS2;PRKCA;MAFF;TKTL1;ALDOC;JUN;IGFBP1;PGM1;HAS1;CCN1;ANGPTL4;CHST3;BNIP3L;PPARGC1A;GCK;PPP1R15A;IL6;KLF7;ALDOB;ATF3;SDC3;S100A4;CCN5;ERRFI1;NDST1;CITED2;PNRC1;RORA;PHKG1;ETS1
17,prerank,Glycolysis,0.5033000399347769,1.5706256019572973,0.01,0.01,0.06,66/195,14.60%,CDK1;AURKA;KIF20A;CENPA;HMMR;DEPDC1;POLR3K;ARTN;STMN1;BPNT1;CHPF;GALE;PSMC4;ALG1;FKBP4;TXN;SLC16A3;EFNA3;COL5A1;GMPPA;COPB2;CHST6;SPAG4;CHPF2;BIK;SAP30;SDC1;CASP6;HSPA5;PMM2;CLDN9;ENO2;P4HA1;CLN6;CHST1;SRD5A3;B3GAT3;PPIA;FUT8;IER3;GMPPB;SLC25A10;GNPDA1;CXCR4;B4GALT4;EGLN3;ERO1A;PGK1;VCAN;B3GALT6;TPBG;RARS1;P4HA2;MIOX;GOT2;COG2;KDELR3;ISG20;FAM162A;GPC4;GALK1;SDHC;CACNA1H;GOT1;CLDN3;TPI1
18,prerank,Allograft Rejection,0.4672809544137132,1.5508483551707004,0.01,0.01,0.08,73/196,26.48%,INHBA;CCL11;CD80;NME1;CXCL9;TPD52;MMP9;IRF7;CDKN2A;CCL7;TRAF2;MRPL3;PTPN6;BCL3;CAPG;TAPBP;IL11;IL18;RIPK2;CSK;TIMP1;TAP1;IL12B;STAT1;BRCA1;CXCR3;GPR65;LTB;ITGAL;RARS1;UBE2N;EIF5A;TGFB1;IL2RG;THY1;CCR5;IFNG;IL2RB;AKT1;IL12RB1;MAP4K1;HLA-DQA1;CD86;F2R;HLA-A;GZMB;CD7;ITGB2;CD2;LY86;SPI1;IKBKB;GZMA;GLMN;PSMB10;ELF4;CD3D;CRTAM;TNF;LCK;SIT1;TRAT1;CCL5;FASLG;WAS;CD74;HLA-DRA;FYB1;GALNT1;IGSF6;LCP2;ICAM1;CXCL13
19,prerank,Interferon Gamma Response,0.46364356436356147,1.4885890609376164,0.01,0.01,0.14,72/197,19.93%,CXCL11;CXCL10;ISG15;MTHFD2;CXCL9;IRF7;CCL7;FCGR1A;OASL;PSME2;CASP3;ADAR;PTPN6;VAMP8;TAPBP;ZBP1;PARP12;CFB;OAS2;RIPK2;TAP1;RSAD2;PNP;OAS3;UBE2L6;STAT1;SECTM1;MX1;HELZ2;GCH1;RNF213;MYD88;EPSTI1;CMPK2;IFI27;PTPN1;PSME1;IRF5;USP18;GPR18;IFI35;TRAFD1;ISG20;IRF1;PARP14;BST2;SP110;PSMA3;TRIM14;IFIT2;OGFR;IFIT1;PSMB2;IL2RB;IDO1;IFIH1;TRIM26;HLA-DQA1;IFIT3;CD86;MARCHF1;PSMB8;HLA-A;PSMB9;IFI44;HLA-B;NUP93;LY6E;MVP;PNPT1;TOR1B;IRF9
21,prerank,PI3K/AKT/mTOR  Signaling,0.47510308647352983,1.3887249305556615,0.01,0.03658268478213077,0.46,34/103,17.10%,CDK1;E2F1;ARF1;CFL1;TRIB3;PPP1CA;PAK4;TRAF2;CALR;PFN1;GRB2;SLC2A1;ARPC3;CDK2;CXCR4;MYD88;YWHAB;CLTC;NFKBIB;UBE2N;VAV3;GRK2;IL2RG;ACTR3;ACTR2;ARHGDIA;CSNK2B;RPS6KA1;PIK3R3;AKT1;GNGT1;CAMK4;AP2M1;HSP90B1
22,prerank,Estrogen Response Late,0.43511779793688654,1.3651344616874614,0.013888888888888888,0.0405458089668616,0.54,55/196,16.49%,CDC20;KIF20A;TOP2A;PLAC1;CDC6;STIL;COX6C;ASCL1;GINS2;PLK4;LLGL2;LSR;NMU;GALE;SLC7A5;HPRT1;SIAH2;TSPAN13;FKBP4;ANXA9;PTPN6;FGFR3;DNAJC1;RAB31;IDH2;KRT19;MICB;BATF;CD9;TJP3;RET;GAL;DNAJC12;SORD;CLIC3;AGR2;TPBG;PKP3;MDK;MAPK13;ST14;ISG20;FARP1;RNASEH2A;EMP2;NXT1;CCND1;OVOL2;CISH;PRLR;CACNA2D2;ARL3;TH;CA12;S100A9
20,prerank,TNF-alpha Signaling via NF-kB,-0.41405247221817565,-1.3930280430377147,0.01,0.04454597372929755,0.23,55/197,11.57%,PER1;KLF9;PLPP3;KLF4;G0S2;PFKFB3;CXCL2;EGR1;DNAJB4;STAT5A;DUSP1;KLF6;TANK;ZFP36;TIPARP;ETS2;FOS;CFLAR;FOSB;BCL6;ACKR3;KLF2;KLF10;F3;IRS2;MAFF;RCAN1;JUN;EGR2;PTGER4;TSC22D1;CCN1;ABCA1;EGR3;SGK1;BMP2;SOCS3;SNN;DENND5A;PPP1R15A;IL6;NR4A1;NR4A3;LAMB3;CCNL1;ATF3;EDN1;PHLDA1;HBEGF;NFAT5;PNRC1;TRIP10;NFE2L2;MYC;TNIP1
24,prerank,heme Metabolism,-0.407912956730717,-1.3538541629198786,0.01,0.0548258138206739,0.31,31/187,10.05%,TNS1;ALDH1L1;CAT;HBB;TAL1;EZH1;NR3C1;GYPC;EPB42;KAT2B;SEC14L1;LMO2;MXI1;SNCA;SIDT2;ACKR1;PC;SPTB;ABCG2;TFDP2;CLIC2;SLC4A1;BNIP3L;ERMAP;ALAS2;DMTN;ADD1;NEK7;ALDH6A1;GYPE;ALAD
23,prerank,KRAS Signaling Up,-0.3861772097412827,-1.3612326583152876,0.01,0.0563487530934704,0.3,35/194,7.18%,RBP4;CIDEA;GNG11;AKAP12;KLF4;G0S2;MMD;TMEM100;RELN;EMP1;SPRY2;TSPAN7;ABCB1;GYPC;PECAM1;SPARCL1;IL33;HSD11B1;CDADC1;ADGRL4;TFPI;ALDH1A3;MTMR10;DUSP6;ALDH1A2;GPRC5B;ADGRA2;NRP1;FLT4;CAB39L;CFH;ANGPTL4;APOD;NAP1L2;BMP2
25,prerank,Apical Junction,-0.39473414439023136,-1.3407502223621481,0.037037037037037035,0.05731789626706817,0.34,54/196,13.18%,CD34;CLDN5;GNAI1;HADH;VWF;ADAMTS5;CX3CL1;CADM3;PARVA;CD209;PECAM1;CLDN11;MAP3K20;EGFR;COL17A1;CLDN19;FLNC;EPB41L2;DSC1;NECTIN3;ICAM2;CALB2;SIRPA;MYL9;NLGN3;SKAP2;NEXN;ARHGEF6;LAMA3;SLIT2;JAM3;PTEN;ACTG2;VCL;LAMB3;TJP1;CLDN8;ITGB1;SDC3;ITGA9;LAMC2;ITGA10;ACTC1;MYH10;AKT3;IRS1;ACTN3;RRAS;LIMA1;PKD1;SGCE;AMIGO1;CDH8;LAYN
26,prerank,UV Response Up,0.40427283464865327,1.264539837275205,0.046153846153846156,0.11403508771929824,0.87,49/155,16.47%,H2AX;FEN1;LHX2;HNRNPU;CCNE1;MAPK8IP2;POLR2H;STIP1;BAK1;RFC4;FKBP4;CASP3;RPN1;YKT6;DNAJA1;CLCN2;MMP14;COL2A1;NAT1;ENO2;GGH;AP2S1;E2F5;TAP1;CDK2;PRPF3;PPAT;RET;RASGRP1;GAL;GCH1;ATP6V1F;PPT1;EPCAM;TARS1;TFRC;MARK2;KCNH2;SPR;POLE3;STARD3;IRF1;CYB5R1;GRINA;HMOX1;NKX2-5;ALDOA;SIGMAR1;PDAP1
27,prerank,Epithelial Mesenchymal Transition,0.3852786770647371,1.2478583991925014,0.03225806451612903,0.12144913367008854,0.89,36/200,10.20%,COL11A1;INHBA;MMP1;COMP;LRRC15;CTHRC1;FN1;BGN;FBN2;SPP1;MATN3;PLAUR;MMP3;RGS4;POSTN;COL1A1;COPA;CDH2;COL5A1;CDH11;CAPG;COL5A2;COL12A1;APLP1;SDC1;MMP14;BASP1;ENO2;TIMP1;FAP;LOXL1;COL1A2;SERPINH1;P3H1;VCAN;ADAM12
28,prerank,Androgen Response,-0.3906826139724204,-1.2353749904016424,0.0975609756097561,0.15305539691604797,0.75,14/100,7.27%,LIFR;AKAP12;PLPP1;CDC14B;ADAMTS1;ARID5B;PTPN21;ALDH1A3;SELENOP;RPS6KA3;TSC22D1;SGK1;MAF;KLK3
30,prerank,Estrogen Response Early,0.3570378012393981,1.155329571144814,0.13432835820895522,0.2257536731949912,0.99,74/197,25.54%,ISG20L2;CANT1;SLC7A5;SLC37A1;SIAH2;FKBP4;ANXA9;PMAIP1;KCNK15;MUC1;RAB31;MYBL1;KRT8;KRT19;MICB;SLC2A1;RHOD;KRT18;TJP3;RET;CELSR1;RASGRP1;RARA;KDM4B;CLIC3;CLDN7;RRP12;MSMB;TPBG;UGCG;ASB13;TBC1D30;MLPH;FARP1;SNX24;FCMR;NXT1;SLC39A6;CCND1;OVOL2;CISH;ARL3;CA12;RAB17;SLC1A4;DHCR7;ELOVL2;NADSYN1;ESRP2;XBP1;REEP1;DHRS2;TFF3;LAD1;MREG;PRSS23;TTC39A;OPN3;MYB;TFF1;ABCA3;B4GALT1;FRK;AQP3;TIAM1;TGM2;MINDY1;ABAT;SLC19A2;UNC119;SLC1A1;MED24;BAG1;TGIF2
29,prerank,Inflammatory Response,0.3627875677763026,1.158737852805741,0.13114754098360656,0.23118224410929858,0.99,38/199,16.05%,INHBA;CLEC5A;CXCL11;CXCL10;TNFRSF9;OLR1;PLAUR;CXCL9;IRF7;CCL7;TAPBP;MMP14;LTA;IL18;RIPK2;CCL20;P2RX4;HPN;TIMP1;IL12B;NOD2;LAMP3;RASGRP1;GCH1;OSM;TPBG;SELENOS;ADRM1;CCL17;CCR7;GPR132;IRF1;BST2;GNAI3;RGS16;IL2RB;MSR1;CSF3R
34,prerank,Coagulation,0.37432848720640766,1.1242524762174146,0.18840579710144928,0.27408433364112034,0.99,19/125,7.63%,MMP11;MMP1;COMP;RABIF;FN1;PROC;F12;OLR1;MMP9;MMP3;MMP10;ARF4;PLAU;MMP14;CFB;HPN;TIMP1;CD9;TMPRSS6
33,prerank,Pperoxisome,-0.35777277791897544,-1.1313184791756687,0.20588235294117646,0.2914905768132496,0.95,15/101,7.07%,CAT;ABCD2;ALDH1A1;ACSL1;ABCB1;RETSAT;RXRG;MLYCD;ITGB1BP1;ESR2;ALB;HSD17B11;DHRS3;EHHADH;ACSL4
32,prerank,Apical Surface,-0.41740826549572885,-1.1321517474252139,0.2,0.3093742351309456,0.95,5/44,5.60%,SLC2A4;SRPX;CX3CL1;SLC22A12;AKAP7
31,prerank,Cholesterol Homeostasis,-0.36227080654495414,-1.1415569966645558,0.23529411764705882,0.3163027720423494,0.93,15/74,10.92%,LPL;PPARG;ACSS2;GNAI1;ANTXR2;ADH4;AVPR1A;ALDOC;ATF3;SCD;ERRFI1;PNRC1;GSTM2;SC5D;ANXA5
35,prerank,Wnt-beta Catenin Signaling,-0.3987140219939874,-1.1090702528623073,0.15151515151515152,0.32124500285551116,0.98,13/42,16.24%,GNAI1;NOTCH4;DKK4;PTCH1;MYC;TCF7;JAG2;JAG1;RBPJ;DLL1;AXIN2;CCND2;WNT5B
36,prerank,Apoptosis,-0.34233378032047657,-1.101667599414304,0.24242424242424243,0.324923573084288,0.98,25/158,9.44%,CAV1;GSN;IGFBP6;GPX3;TXNIP;ANXA1;EMP1;TGFBR3;BCL2L2;RETSAT;NEDD9;FEZ1;AVPR1A;CFLAR;DCN;JUN;IFNGR1;DPYD;EGR3;BMP2;BNIP3L;ADD1;IL6;SATB1;ATF3
38,prerank,TGF-beta Signaling,-0.36543266619132814,-1.059970262426268,0.3333333333333333,0.38810905046740213,0.99,12/54,12.88%,SPTBN1;CDKN1C;KLF10;BMP2;ID1;SKI;LTBP2;PPP1R15A;TJP1;BMPR1A;HIPK2;WWTR1
37,prerank,IL-2/STAT5 Signaling,-0.3060390800322905,-1.063306975230757,0.32432432432432434,0.40357890729107176,0.99,39/197,11.42%,ITIH5;SHE;PLPP1;EMP1;CDKN1C;ABCB1;AHNAK;SH3BGRL2;KLF6;PTH1R;GABARAPL1;ARL4A;PENK;SCN9A;PRNP;NRP1;MAFF;WLS;IFNGR1;DHRS3;MYO1C;PTCH1;SELP;PLAGL1;CAPN3;BMP2;SWAP70;LRRC8C;SOCS2;NT5E;DENND5A;TNFRSF8;ITGA6;FGL2;PHLDA1;RORA;IL3RA;MYC;PRKCH
39,prerank,Hedgehog Signaling,-0.39568263817497495,-1.0129912462639379,0.4146341463414634,0.4920616790405482,1.0,6/35,6.55%,VLDLR;ETS2;DPYSL2;NRP1;CNTFR;PTCH1
40,prerank,IL-6/JAK/STAT3 Signaling,0.3185281374185412,0.9677524900385914,0.5,0.6581072564452066,1.0,19/83,16.73%,CXCL11;CXCL10;CXCL9;CCL7;BAK1;IL9R;GRB2;CD9;STAT1;LTB;MYD88;PTPN1;TGFB1;IL2RG;IRF1;HMOX1;CSF3R;IL12RB1;TNFRSF12A
41,prerank,Oxidative Phosphorylation,0.2922624563975732,0.9588823832879043,0.5652173913043478,0.6587481462827723,1.0,59/199,26.82%,ATP6V0B;COX6C;ATP6AP1;TIMM17A;BAX;MRPS12;IDH2;ATP6V1G1;TCIRG1;RHOT2;MRPS30;ATP6V1F;TIMM10;HSD17B10;GOT2;TIMM13;COX6A1;MTX2;COX7A2;COX17;SDHC;NDUFS6;TIMM50;MRPL15;NDUFAB1;ATP5MF;SLC25A5;ATP6V1H;ECI1;AIFM1;NDUFS2;NDUFA9;HSPA9;NDUFS8;ATP6V0E1;COX8A;ATP6V1D;UQCRQ;NDUFA3;NDUFC2;NDUFA2;ATP6V1C1;COX6B1;CYCS;NDUFB4;VDAC1;FH;ATP5MC1;COX5A;ATP5F1C;CYC1;NDUFA7;ATP5F1E;POR;LDHA;PMPCA;TIMM8B;NDUFB2;ATP5PD
42,prerank,Pancreas Beta Cells,-0.35934263281746354,-0.9417843653160278,0.5957446808510638,0.6957656849147426,1.0,6/29,8.11%,FOXO1;PAK3;LMO2;STXBP1;DPP4;GCK
44,prerank,p53 Pathway,-0.2638204440539537,-0.9212661426090493,0.7142857142857143,0.6984331934546718,1.0,30/199,11.02%,TXNIP;ZBTB16;KLF4;PTPN14;RETSAT;CEBPA;CDH13;TP63;FBXW7;FOS;PDGFA;SESN1;JUN;TSC22D1;BLCAP;CCNG1;BMP2;EPHA2;TCN2;TSPYL2;PPP1R15A;RRAD;ATF3;ISCU;S100A4;INHBB;HBEGF;PROCR;PLK3;IRAG2
45,prerank,Reactive Oxygen Species Pathway,-0.3331654048170971,-0.9077769777659844,0.631578947368421,0.7075956596230726,1.0,4/47,4.82%,CAT;GPX3;PRNP;MSRA
43,prerank,Notch Signaling,-0.3429704759196454,-0.9224269304792262,0.6052631578947368,0.7214578682311407,1.0,6/32,8.46%,DTX1;MAML2;PRKCA;FZD5;FZD7;TCF7L2
47,prerank,Protein Secretion,0.3098928768845648,0.8978853559802336,0.7313432835820896,0.7762388427208372,1.0,24/96,18.15%,ARF1;TPD52;SCAMP3;COPB2;YKT6;COPE;TMED2;KRT18;AP2S1;PPT1;CLTC;VPS45;RER1;ARFGEF1;SEC24D;ICA1;COPB1;COG2;AP2M1;NAPA;ATP6V1H;ANP32E;SH3GL2;ERGIC3
46,prerank,KRAS Signaling Dn,0.29239312984881816,0.9072264744883041,0.7571428571428571,0.7877206364500114,1.0,48/183,22.94%,CCR8;CD80;HTR1D;GPR19;TLX1;RIBC2;BMPR1B;ENTPD7;CAPN9;EDN2;FGFR3;SLC29A3;BARD1;CACNG1;COL2A1;RSAD2;IL12B;NPHS1;MAGIX;PDCD1;TG;MX1;GP2;PTPRJ;CLPS;NGB;IFNG;CCDC106;SKIL;ITGB1BP2;LYPD3;PNMT;HSD11B2;TCL1A;CPB1;SNCB;CD207;TEX15;PDE6B;LFNG;CALML5;CLSTN3;GDNF;GAMT;SLC5A5;TNNI3;IDUA;UPK3B
49,prerank,Complement,0.26257622501050887,0.8269236048117341,0.9014084507042254,0.8750384733764235,1.0,23/195,9.15%,MMP13;RABIF;FN1;OLR1;PPP4C;PLAUR;IRF7;CASP3;PFN1;HSPA5;MMP14;CDK5R1;MMP12;CFB;GRB2;GATA3;TIMP1;ATOX1;SIRT6;TMPRSS6;SERPINC1;RASGRP1;SRC
48,prerank,Angiogenesis,0.3185530851577876,0.8317021757257463,0.6666666666666666,0.8981963681132655,1.0,9/33,14.44%,OLR1;SPP1;VAV2;POSTN;COL5A2;TIMP1;VCAN;COL3A1;PTK2
